{
    "hourly": {
        "0": {
            "rmse": 0.32082751204836607,
            "mae": 0.26660922169685364,
            "mape": 74.28055572509766,
            "r2": 0.08519905805587769,
            "mbe": 0.1789536029100418,
            "nrmse": 0.08824947509274586,
            "theil_u": 0.20171234011650085
        },
        "1": {
            "rmse": 0.26070480936001855,
            "mae": 0.2228950709104538,
            "mape": 45.345367431640625,
            "r2": -0.3184194564819336,
            "mbe": 0.17647843062877655,
            "nrmse": 0.08826046464864018,
            "theil_u": 0.13919229805469513
        },
        "2": {
            "rmse": 0.22246872383403665,
            "mae": 0.20210640132427216,
            "mape": 24.019222259521484,
            "r2": -0.9455982446670532,
            "mbe": 0.16510550677776337,
            "nrmse": 0.1917835458056423,
            "theil_u": 0.1104830652475357
        },
        "3": {
            "rmse": 0.23458703304668513,
            "mae": 0.21529243886470795,
            "mape": 23.856420516967773,
            "r2": -1.271554708480835,
            "mbe": 0.1932544708251953,
            "nrmse": 0.18505986261813692,
            "theil_u": 0.11994101852178574
        },
        "4": {
            "rmse": 0.2653370867638226,
            "mae": 0.24447856843471527,
            "mape": 26.2604923248291,
            "r2": -2.78900408744812,
            "mbe": 0.22724549472332,
            "nrmse": 0.23603924873724555,
            "theil_u": 0.1396380215883255
        },
        "5": {
            "rmse": 0.4011303650832156,
            "mae": 0.3469489514827728,
            "mape": 46.588958740234375,
            "r2": -1.4605648517608643,
            "mbe": 0.31309476494789124,
            "nrmse": 0.20328985187664755,
            "theil_u": 0.2520883083343506
        },
        "6": {
            "rmse": 0.6917881315121429,
            "mae": 0.5283318758010864,
            "mape": 127.29314422607422,
            "r2": 0.2907657027244568,
            "mbe": 0.18517550826072693,
            "nrmse": 0.14283418986600674,
            "theil_u": 0.5159978866577148
        },
        "7": {
            "rmse": 1.027468191522321,
            "mae": 0.7598384022712708,
            "mape": 259.1715393066406,
            "r2": 0.40870392322540283,
            "mbe": -0.015627440065145493,
            "nrmse": 0.15046877691590657,
            "theil_u": 0.4752461612224579
        },
        "8": {
            "rmse": 0.8967085082337856,
            "mae": 0.6796738505363464,
            "mape": 257.2959289550781,
            "r2": 0.4360377788543701,
            "mbe": -0.05067114531993866,
            "nrmse": 0.1539701171117432,
            "theil_u": 0.3953477442264557
        },
        "9": {
            "rmse": 0.7195234697979545,
            "mae": 0.5574511289596558,
            "mape": 254.32748413085938,
            "r2": 0.2255643606185913,
            "mbe": 0.030909042805433273,
            "nrmse": 0.12967047946010266,
            "theil_u": 0.45906198024749756
        },
        "10": {
            "rmse": 0.6297919865854629,
            "mae": 0.4881800711154938,
            "mape": 343.4541015625,
            "r2": 0.1413138508796692,
            "mbe": 0.010957116261124611,
            "nrmse": 0.1207882736326939,
            "theil_u": 0.47849607467651367
        },
        "11": {
            "rmse": 0.6236896607258058,
            "mae": 0.4760175049304962,
            "mape": 331.3246154785156,
            "r2": 0.16215276718139648,
            "mbe": -0.032302532345056534,
            "nrmse": 0.12447113096531569,
            "theil_u": 0.442440927028656
        },
        "12": {
            "rmse": 0.6674929703474463,
            "mae": 0.5076884031295776,
            "mape": 312.28350830078125,
            "r2": 0.1267944574356079,
            "mbe": -0.05917884036898613,
            "nrmse": 0.11901123767047085,
            "theil_u": 0.4265512526035309
        },
        "13": {
            "rmse": 0.6741708740705075,
            "mae": 0.5109687447547913,
            "mape": 322.6011047363281,
            "r2": 0.08971595764160156,
            "mbe": -0.04716851934790611,
            "nrmse": 0.13851273236824926,
            "theil_u": 0.44511517882347107
        },
        "14": {
            "rmse": 0.6861794099477636,
            "mae": 0.5139368176460266,
            "mape": 305.1475830078125,
            "r2": 0.08062678575515747,
            "mbe": -0.07758206874132156,
            "nrmse": 0.10319936118736159,
            "theil_u": 0.4482007324695587
        },
        "15": {
            "rmse": 0.7529161899806507,
            "mae": 0.5595162510871887,
            "mape": 283.9556579589844,
            "r2": 0.0727616548538208,
            "mbe": -0.14194314181804657,
            "nrmse": 0.11946759694082612,
            "theil_u": 0.4141519367694855
        },
        "16": {
            "rmse": 0.8578930301074984,
            "mae": 0.6366970539093018,
            "mape": 249.98155212402344,
            "r2": 0.08429425954818726,
            "mbe": -0.16749736666679382,
            "nrmse": 0.11664662297975947,
            "theil_u": 0.41764017939567566
        },
        "17": {
            "rmse": 0.9212299288319205,
            "mae": 0.6929242014884949,
            "mape": 243.99974060058594,
            "r2": 0.12439602613449097,
            "mbe": -0.22024917602539062,
            "nrmse": 0.13350771622554655,
            "theil_u": 0.3990931510925293
        },
        "18": {
            "rmse": 0.7993381056872456,
            "mae": 0.6033025979995728,
            "mape": 343.05181884765625,
            "r2": 0.18475806713104248,
            "mbe": -0.11907553672790527,
            "nrmse": 0.1372510471512743,
            "theil_u": 0.42262205481529236
        },
        "19": {
            "rmse": 0.5473437616303073,
            "mae": 0.41718506813049316,
            "mape": 189.89224243164062,
            "r2": 0.19287830591201782,
            "mbe": -0.00898321345448494,
            "nrmse": 0.13501269298832638,
            "theil_u": 0.5903274416923523
        },
        "20": {
            "rmse": 0.4186305751173011,
            "mae": 0.329767644405365,
            "mape": 170.13023376464844,
            "r2": 0.09378218650817871,
            "mbe": 0.043140847235918045,
            "nrmse": 0.13515909988275784,
            "theil_u": 0.619767963886261
        },
        "21": {
            "rmse": 0.40022482812036514,
            "mae": 0.31808826327323914,
            "mape": 153.44960021972656,
            "r2": 0.058731913566589355,
            "mbe": 0.08077871054410934,
            "nrmse": 0.12214271356704483,
            "theil_u": 0.49990013241767883
        },
        "22": {
            "rmse": 0.37709501294055514,
            "mae": 0.3080418109893799,
            "mape": 172.33447265625,
            "r2": 0.043118953704833984,
            "mbe": 0.13083131611347198,
            "nrmse": 0.11466535387368545,
            "theil_u": 0.384024053812027
        },
        "23": {
            "rmse": 0.3502345755119354,
            "mae": 0.2920342683792114,
            "mape": 108.03646850585938,
            "r2": 0.06743091344833374,
            "mbe": 0.1778201311826706,
            "nrmse": 0.11905236936918787,
            "theil_u": 0.2697162330150604
        }
    },
    "daily": {
        "Monday": {
            "rmse": 0.6626861445711603,
            "mae": 0.4751397669315338,
            "mape": 198.1749725341797,
            "r2": 0.6118429899215698,
            "mbe": 0.030433429405093193,
            "nrmse": 0.10994905002680368,
            "theil_u": 0.37574130296707153
        },
        "Tuesday": {
            "rmse": 0.6739986038165248,
            "mae": 0.4834848642349243,
            "mape": 204.0576629638672,
            "r2": 0.6125943660736084,
            "mbe": 0.012008359655737877,