{
    "hourly": {
        "0": {
            "rmse": 0.4312172967148301,
            "mae": 0.38980576395988464,
            "mape": 70.16715240478516,
            "r2": -0.6526304483413696,
            "mbe": 0.3427973687648773,
            "nrmse": 0.1186142043836306,
            "theil_u": 0.3015032708644867
        },
        "1": {
            "rmse": 0.424102132093615,
            "mae": 0.4009969234466553,
            "mape": 53.47822952270508,
            "r2": -2.4889633655548096,
            "mbe": 0.3794819414615631,
            "nrmse": 0.1435779083974271,
            "theil_u": 0.25388315320014954
        },
        "2": {
            "rmse": 0.4086631300247074,
            "mae": 0.3967333137989044,
            "mape": 39.619415283203125,
            "r2": -5.5651726722717285,
            "mbe": 0.382395476102829,
            "nrmse": 0.35229610151689844,
            "theil_u": 0.22744660079479218
        },
        "3": {
            "rmse": 0.40964725337435276,
            "mae": 0.3988982141017914,
            "mape": 39.265804290771484,
            "r2": -5.926842212677002,
            "mbe": 0.3897269070148468,
            "nrmse": 0.32316050655821227,
            "theil_u": 0.23280413448810577
        },
        "4": {
            "rmse": 0.40593132945268473,
            "mae": 0.39457666873931885,
            "mape": 39.33528137207031,
            "r2": -7.868175506591797,
            "mbe": 0.3862074315547943,
            "nrmse": 0.3611094370995673,
            "theil_u": 0.2332681119441986
        },
        "5": {
            "rmse": 0.4121802391124185,
            "mae": 0.3790310025215149,
            "mape": 52.05498504638672,
            "r2": -1.5979936122894287,
            "mbe": 0.3433813154697418,
            "nrmse": 0.20888984492176713,
            "theil_u": 0.26850348711013794
        },
        "6": {
            "rmse": 0.6984362779303661,
            "mae": 0.5367974042892456,
            "mape": 125.16426849365234,
            "r2": 0.2770686149597168,
            "mbe": 0.1654486358165741,
            "nrmse": 0.14420683932976938,
            "theil_u": 0.5353863835334778
        },
        "7": {
            "rmse": 1.039601695192253,
            "mae": 0.7702884078025818,
            "mape": 256.4947509765625,
            "r2": 0.39465606212615967,
            "mbe": -0.0371156744658947,
            "nrmse": 0.15224568200356123,
            "theil_u": 0.4891587793827057
        },
        "8": {
            "rmse": 0.9078680917654824,
            "mae": 0.6836249828338623,
            "mape": 252.48365783691406,
            "r2": 0.42191338539123535,
            "mbe": -0.08736786246299744,
            "nrmse": 0.15588628314286293,
            "theil_u": 0.4071715474128723
        },
        "9": {
            "rmse": 0.7218881597599234,
            "mae": 0.5520936846733093,
            "mape": 236.3422088623047,
            "r2": 0.22046571969985962,
            "mbe": -0.015578030608594418,
            "nrmse": 0.1300966371797794,
            "theil_u": 0.47427836060523987
        },
        "10": {
            "rmse": 0.6323393477467386,
            "mae": 0.4877932369709015,
            "mape": 317.7669982910156,
            "r2": 0.1343533992767334,
            "mbe": -0.030188681557774544,
            "nrmse": 0.12127683392489082,
            "theil_u": 0.49347183108329773
        },
        "11": {
            "rmse": 0.6293797576330504,
            "mae": 0.47764503955841064,
            "mape": 313.4980773925781,
            "r2": 0.14679527282714844,
            "mbe": -0.06815354526042938,
            "nrmse": 0.12560671624425518,
            "theil_u": 0.45705583691596985
        },
        "12": {
            "rmse": 0.6761956019566262,
            "mae": 0.5121665000915527,
            "mape": 297.2618408203125,
            "r2": 0.10387665033340454,
            "mbe": -0.0916912853717804,
            "nrmse": 0.12056288091588144,
            "theil_u": 0.44164007902145386
        },
        "13": {
            "rmse": 0.6810456879494049,
            "mae": 0.5141447186470032,
            "mape": 307.4773254394531,
            "r2": 0.07105624675750732,
            "mbe": -0.08026164025068283,
            "nrmse": 0.13992520699673588,
            "theil_u": 0.4598865211009979
        },
        "14": {
            "rmse": 0.6914716571107663,
            "mae": 0.5169755816459656,
            "mape": 290.734375,
            "r2": 0.06639045476913452,
            "mbe": -0.09898296743631363,
            "nrmse": 0.10399529956521103,
            "theil_u": 0.4586772322654724
        },
        "15": {
            "rmse": 0.758980705970931,
            "mae": 0.5619785189628601,
            "mape": 277.4543762207031,
            "r2": 0.05776417255401611,
            "mbe": -0.15824352204799652,
            "nrmse": 0.12042987290408656,
            "theil_u": 0.4217126965522766
        },
        "16": {
            "rmse": 0.8629002830893936,
            "mae": 0.6386445760726929,
            "mape": 243.8608856201172,
            "r2": 0.07357370853424072,
            "mbe": -0.18295902013778687,
            "nrmse": 0.11732745279215487,
            "theil_u": 0.4240192174911499
        },
        "17": {
            "rmse": 0.9294015781319414,
            "mae": 0.6960605978965759,
            "mape": 241.101806640625,
            "r2": 0.10879325866699219,
            "mbe": -0.22915540635585785,
            "nrmse": 0.1346919789179508,
            "theil_u": 0.40466931462287903
        },
        "18": {
            "rmse": 0.7990825965929138,
            "mae": 0.6054073572158813,
            "mape": 350.679443359375,
            "r2": 0.18527913093566895,
            "mbe": -0.11368928849697113,
            "nrmse": 0.13720717473920713,
            "theil_u": 0.42227452993392944
        },
        "19": {
            "rmse": 0.5502567905559899,
            "mae": 0.4225134253501892,
            "mape": 210.8277130126953,
            "r2": 0.1842641830444336,
            "mbe": 0.0459461472928524,
            "nrmse": 0.1357312466790414,
            "theil_u": 0.5722631216049194
        },
        "20": {
            "rmse": 0.43596936591389723,
            "mae": 0.34805312752723694,
            "mape": 152.1612091064453,
            "r2": 0.017160356044769287,
            "mbe": 0.12347766757011414,
            "nrmse": 0.14075710322130214,
            "theil_u": 0.6776147484779358
        },
        "21": {
            "rmse": 0.4221880245981974,
            "mae": 0.34278640151023865,
            "mape": 127.70637512207031,
            "r2": -0.04741096496582031,
            "mbe": 0.15719063580036163,
            "nrmse": 0.12884555713876297,
            "theil_u": 0.5662006735801697
        },
        "22": {
            "rmse": 0.4061348275005036,
            "mae": 0.33737990260124207,
            "mape": 142.98190307617188,
            "r2": -0.10993313789367676,
            "mbe": 0.20265543460845947,
            "nrmse": 0.12349564994940579,
            "theil_u": 0.440410315990448
        },
        "23": {
            "rmse": 0.3950876523800787,
            "mae": 0.34001678228378296,
            "mape": 94.14794921875,
            "r2": -0.18672442436218262,
            "mbe": 0.2572390139102936,
            "nrmse": 0.13429890825486335,
            "theil_u": 0.3224588930606842
        }
    },
    "daily": {
        "Monday": {
            "rmse": 0.6859546329035695,
            "mae": 0.5193626880645752,
            "mape": 196.1383514404297,
            "r2": 0.5841062068939209,
            "mbe": 0.07074795663356781,
            "nrmse": 0.11380962295211167,
            "theil_u": 0.40305304527282715
        },
        "Tuesday": {
            "rmse": 0.697081383905537,
            "mae": 0.5267332792282104,
            "mape": 202.24398803710938,
            "r2": 0.5856046676635742,
            "mbe": 0.053044915199279785,
            "nrmse": 0.11728466038261576,