{
    "hourly": {
        "0": {
            "rmse": 0.4139755805572156,
            "mae": 0.37103989720344543,
            "mape": 69.01290130615234,
            "r2": -0.5231156349182129,
            "mbe": 0.32184097170829773,
            "nrmse": 0.11387155500517514,
            "theil_u": 0.2849344313144684
        },
        "1": {
            "rmse": 0.3988947208410478,
            "mae": 0.3747168779373169,
            "mape": 51.85129165649414,
            "r2": -2.086541175842285,
            "mbe": 0.35126861929893494,
            "nrmse": 0.13504405037155312,
            "theil_u": 0.23477259278297424
        },
        "2": {
            "rmse": 0.3767340819230442,
            "mae": 0.36435121297836304,
            "mape": 36.98630905151367,
            "r2": -4.579368591308594,
            "mbe": 0.3477242588996887,
            "nrmse": 0.32477103662865814,
            "theil_u": 0.20573008060455322
        },
        "3": {
            "rmse": 0.3804668849452872,
            "mae": 0.3690846562385559,
            "mape": 36.70805740356445,
            "r2": -4.975151538848877,
            "mbe": 0.358829528093338,
            "nrmse": 0.300140841308621,
            "theil_u": 0.2124931365251541
        },
        "4": {
            "rmse": 0.3788197998843967,
            "mae": 0.36673325300216675,
            "mape": 36.887760162353516,
            "r2": -6.723150253295898,
            "mbe": 0.35746169090270996,
            "nrmse": 0.33699149282925706,
            "theil_u": 0.21414995193481445
        },
        "5": {
            "rmse": 0.39408426174786637,
            "mae": 0.35983726382255554,
            "mape": 50.47494888305664,
            "r2": -1.3748815059661865,
            "mbe": 0.3216856122016907,
            "nrmse": 0.1997189397043578,
            "theil_u": 0.25300225615501404
        },
        "6": {
            "rmse": 0.6954314098048631,
            "mae": 0.5327340364456177,
            "mape": 128.35842895507812,
            "r2": 0.2832757234573364,
            "mbe": 0.16877460479736328,
            "nrmse": 0.14358642119188914,
            "theil_u": 0.5269572734832764
        },
        "7": {
            "rmse": 1.0358704604238933,
            "mae": 0.7679018974304199,
            "mape": 261.8568420410156,
            "r2": 0.3989936113357544,
            "mbe": -0.02478821948170662,
            "nrmse": 0.15169925697881242,
            "theil_u": 0.4830055236816406
        },
        "8": {
            "rmse": 0.9048903888374515,
            "mae": 0.6840382814407349,
            "mape": 259.8010559082031,
            "r2": 0.42569929361343384,
            "mbe": -0.06758441776037216,
            "nrmse": 0.15537499406247277,
            "theil_u": 0.4021018445491791
        },
        "9": {
            "rmse": 0.7214183618141444,
            "mae": 0.5546942353248596,
            "mape": 245.50404357910156,
            "r2": 0.22147995233535767,
            "mbe": 0.007829626090824604,
            "nrmse": 0.1300119715261411,
            "theil_u": 0.4679746925830841
        },
        "10": {
            "rmse": 0.6316060940864632,
            "mae": 0.48847609758377075,
            "mape": 334.5477294921875,
            "r2": 0.13635987043380737,
            "mbe": -0.004481693729758263,
            "nrmse": 0.12113620265989218,
            "theil_u": 0.48468881845474243
        },
        "11": {
            "rmse": 0.6269243893321578,
            "mae": 0.4770125448703766,
            "mape": 328.2593688964844,
            "r2": 0.15343940258026123,
            "mbe": -0.04528851434588432,
            "nrmse": 0.125116692938445,
            "theil_u": 0.4487574100494385
        },
        "12": {
            "rmse": 0.673379367169101,
            "mae": 0.5108690857887268,
            "mape": 309.15643310546875,
            "r2": 0.11132550239562988,
            "mbe": -0.0706094354391098,
            "nrmse": 0.12006075789358271,
            "theil_u": 0.4342956840991974
        },
        "13": {
            "rmse": 0.6784502805035805,
            "mae": 0.5135716199874878,
            "mape": 321.0400695800781,
            "r2": 0.07812291383743286,
            "mbe": -0.05744354426860809,
            "nrmse": 0.13939196388173825,
            "theil_u": 0.451803982257843
        },
        "14": {
            "rmse": 0.6886292633185029,
            "mae": 0.5161983966827393,
            "mape": 302.3306884765625,
            "r2": 0.0740501880645752,
            "mbe": -0.07801757752895355,
            "nrmse": 0.10356781191496686,
            "theil_u": 0.4509975016117096
        },
        "15": {
            "rmse": 0.7556551871884052,
            "mae": 0.5604860782623291,
            "mape": 285.7740478515625,
            "r2": 0.06600302457809448,
            "mbe": -0.14083240926265717,
            "nrmse": 0.11990220230433474,
            "theil_u": 0.4160042405128479
        },
        "16": {
            "rmse": 0.8601978870538847,
            "mae": 0.6374371647834778,
            "mape": 248.2535858154297,
            "r2": 0.07936733961105347,
            "mbe": -0.16754058003425598,
            "nrmse": 0.11696001144406919,
            "theil_u": 0.41947081685066223
        },
        "17": {
            "rmse": 0.9256645161232049,
            "mae": 0.6945313811302185,
            "mape": 245.5356903076172,
            "r2": 0.11594587564468384,
            "mbe": -0.21389135718345642,
            "nrmse": 0.134150391417844,
            "theil_u": 0.4002479314804077
        },
        "18": {
            "rmse": 0.7980800567614926,
            "mae": 0.6057589054107666,
            "mape": 358.7967529296875,
            "r2": 0.18732225894927979,
            "mbe": -0.10012849420309067,
            "nrmse": 0.13703503276237103,
            "theil_u": 0.41895270347595215
        },
        "19": {
            "rmse": 0.551581106331358,
            "mae": 0.4241866171360016,
            "mape": 213.7115936279297,
            "r2": 0.1803329586982727,
            "mbe": 0.05530900880694389,
            "nrmse": 0.1360579142173117,
            "theil_u": 0.5713610649108887
        },
        "20": {
            "rmse": 0.43678779192783385,
            "mae": 0.34898483753204346,
            "mape": 150.90695190429688,
            "r2": 0.01346677541732788,
            "mbe": 0.12730154395103455,
            "nrmse": 0.1410213403075047,
            "theil_u": 0.6823503971099854
        },
        "21": {
            "rmse": 0.4213842964323754,
            "mae": 0.34204810857772827,
            "mape": 127.9510498046875,
            "r2": -0.0434267520904541,
            "mbe": 0.15550941228866577,
            "nrmse": 0.1286002711588681,
            "theil_u": 0.5650851726531982
        },
        "22": {
            "rmse": 0.4030293114523783,
            "mae": 0.33438801765441895,
            "mape": 144.64175415039062,
            "r2": -0.09302389621734619,
            "mbe": 0.1967659890651703,
            "nrmse": 0.12255133861035651,
            "theil_u": 0.4347866177558899
        },
        "23": {
            "rmse": 0.38699294494018793,
            "mae": 0.33153173327445984,
            "mape": 94.82437133789062,
            "r2": -0.138594388961792,
            "mbe": 0.2456418126821518,
            "nrmse": 0.13154734068429794,
            "theil_u": 0.31287670135498047
        }
    },
    "daily": {
        "Monday": {
            "rmse": 0.6797900944593297,
            "mae": 0.5109268426895142,
            "mape": 200.7515411376953,
            "r2": 0.5915477275848389,
            "mbe": 0.0724671483039856,
            "nrmse": 0.11278683840870389,
            "theil_u": 0.39511483907699585
        },
        "Tuesday": {
            "rmse": 0.6911822026066389,
            "mae": 0.5190439224243164,
            "mape": 206.55760192871094,
            "r2": 0.5925887823104858,
            "mbe": 0.055514752864837646,